"","best_change","avg_change","worst_change"
"1",-68.4053629834698,-13.6013347773442,15.7218033737841
