"","best_change","avg_change","worst_change"
"1",-9.50701843306106,-1.74003699646007,3.00460744395755
