"","best_change","avg_change","worst_change"
"1",-8.58442560390724,-1.61654381511002,1.82350520985016
