"","best_change","avg_change","worst_change"
"1",-68.4053629834698,-11.5255467945823,15.7218033737841
