"","best_change","avg_change","worst_change"
"1",-8.58442560390724,-1.64929406929109,1.82350520985016
