"","best_change","avg_change","worst_change"
"1",-7.38376056334678,1.33361605683191,11.0756527616991
