"","best_change","avg_change","worst_change"
"1",-7.38376056334678,1.32808416308494,11.0756527616991
