"","best_change","avg_change","worst_change"
"1",-8.58442560390585,-1.61654381512493,1.82350520985504
